{
  "feature_names": [
    "MedInc",
    "HouseAge",
    "AveRooms"
  ],
  "coef": [
    0.8469239334308001,
    0.21217215647371318,
    -0.06720179927967107
  ],
  "intercept": 2.071946937378876,
  "scaler_mean": [
    3.88075425750969,
    28.60828488372093,
    5.43523502048753
  ],
  "scaler_scale": [
    1.9042362577470788,
    12.6021177300953,
    2.387302579723395
  ]
}